{"X": [1, 2, 3, 4, 5], "Y": [5.0, 7.5, 10.0, 11.0, 12.0], "grado": 1, "coeficientes": [1.7500000000000004, 3.849999999999994]}